<?xml version="1.0" encoding="UTF-8"?>
<pr:producers xmlns:pr="http://www.wine.org/wine-producers">
  <pr:producer>
    <pr:sourceid>0009</pr:sourceid>
    <pr:name>Château Feytit Clinet</pr:name>
    <pr:description>Good things, they say, come in small packages; this is certainly the case at Château Feyit Clinet, the maker of thelabel Pomerol.</pr:description>
    <pr:authorid>1</pr:authorid>
    <pr:region>Pomerol</pr:region>
  </pr:producer>
  <pr:producer>
    <pr:sourceid>0010</pr:sourceid>
    <pr:name>Château Doisy-Védrines</pr:name>
    <pr:description>Blessed with ancient vines, the fruit here is often subject to high levels of Botrytis (or noble rot), which shrinks the grapes and concentrates sugar levels in the remaining juice.</pr:description>
    <pr:authorid>3</pr:authorid>
    <pr:region>Barsac</pr:region>
  </pr:producer>
</pr:producers>
